{"cameraMode":{"drawMode":0,"name":"Shaded","section":"Shading Mode"},"sceneLighting":false,"audioPlay":false,"sceneViewState":{"m_AlwaysRefresh":false,"showFog":true,"showSkybox":false,"showFlares":true,"showImageEffects":true,"showParticleSystems":true,"showVisualEffectGraphs":true,"m_FxEnabled":true},"in2DMode":false,"pivot":{"x":-0.5192384719848633,"y":-3.7937612533569338,"z":5.246338367462158},"rotation":{"x":0.09690921008586884,"y":0.05133136361837387,"z":0.00500236451625824,"w":-0.9939613938331604},"size":10.39025592803955,"orthographic":false}