{"cameraMode":{"drawMode":0,"name":"Shaded","section":"Shading Mode"},"sceneLighting":true,"audioPlay":false,"sceneViewState":{"m_AlwaysRefresh":false,"showFog":true,"showSkybox":true,"showFlares":true,"showImageEffects":true,"showParticleSystems":true,"showVisualEffectGraphs":true,"m_FxEnabled":true},"in2DMode":false,"pivot":{"x":7.411170959472656,"y":26.654207229614259,"z":489.57489013671877},"rotation":{"x":-0.14488044381141663,"y":0.2499781996011734,"z":-0.037868235260248187,"w":-0.9566247463226318},"size":84.44561767578125,"orthographic":false}