{"cameraMode":{"drawMode":0,"name":"Shaded","section":"Shading Mode"},"sceneLighting":false,"audioPlay":false,"sceneViewState":{"m_AlwaysRefresh":false,"showFog":true,"showSkybox":false,"showFlares":true,"showImageEffects":true,"showParticleSystems":true,"showVisualEffectGraphs":true,"m_FxEnabled":true},"in2DMode":false,"pivot":{"x":-0.04588794708251953,"y":-0.18375587463378907,"z":0.12474918365478516},"rotation":{"x":0.09690921008586884,"y":0.05133136361837387,"z":0.00500236451625824,"w":-0.9939613938331604},"size":12.732185363769532,"orthographic":false}