{"cameraMode":{"drawMode":0,"name":"Shaded","section":"Shading Mode"},"sceneLighting":false,"audioPlay":false,"sceneViewState":{"m_AlwaysRefresh":false,"showFog":true,"showSkybox":false,"showFlares":true,"showImageEffects":true,"showParticleSystems":true,"showVisualEffectGraphs":true,"m_FxEnabled":true},"in2DMode":false,"pivot":{"x":1.2503585815429688,"y":7.657960891723633,"z":-0.28812408447265627},"rotation":{"x":0.09690921008586884,"y":0.05133136361837387,"z":0.00500236451625824,"w":-0.9939613938331604},"size":70.30506134033203,"orthographic":false}