{"cameraMode":{"drawMode":0,"name":"Shaded","section":"Shading Mode"},"sceneLighting":false,"audioPlay":false,"sceneViewState":{"m_AlwaysRefresh":false,"showFog":true,"showSkybox":false,"showFlares":true,"showImageEffects":true,"showParticleSystems":true,"showVisualEffectGraphs":true,"m_FxEnabled":true},"in2DMode":false,"pivot":{"x":0.38176631927490237,"y":-0.0022573471069335939,"z":-1.0277442932128907},"rotation":{"x":0.09690921008586884,"y":0.05133136361837387,"z":0.00500236451625824,"w":-0.9939613938331604},"size":12.364473342895508,"orthographic":false}