{"cameraMode":{"drawMode":0,"name":"Shaded","section":"Shading Mode"},"sceneLighting":false,"audioPlay":false,"sceneViewState":{"m_AlwaysRefresh":false,"showFog":true,"showSkybox":false,"showFlares":true,"showImageEffects":true,"showParticleSystems":true,"showVisualEffectGraphs":true,"m_FxEnabled":true},"in2DMode":false,"pivot":{"x":-2.847945213317871,"y":-0.26578521728515627,"z":0.7899112701416016},"rotation":{"x":0.09690921008586884,"y":0.05133136361837387,"z":0.00500236451625824,"w":-0.9939613938331604},"size":21.0814208984375,"orthographic":false}