{"cameraMode":{"drawMode":0,"name":"Shaded","section":"Shading Mode"},"sceneLighting":false,"audioPlay":false,"sceneViewState":{"m_AlwaysRefresh":false,"showFog":true,"showSkybox":false,"showFlares":true,"showImageEffects":true,"showParticleSystems":true,"showVisualEffectGraphs":true,"m_FxEnabled":true},"in2DMode":false,"pivot":{"x":-2.3625643253326418,"y":6.710753440856934,"z":-0.5105897784233093},"rotation":{"x":-0.3029536306858063,"y":-0.01086753886193037,"z":0.0034521191846579315,"w":-0.9529427289962769},"size":1.2297561168670655,"orthographic":false}